<?xml version="1.0" encoding="UTF-8"?>


<!DOCTYPE dwr PUBLIC "-//GetAhead Limited//DTD Direct Web Remoting 2.0//EN"
  "http://getahead.org/dwr/dwr20.dtd">


<dwr>
  <allow>
    <convert converter="bean" match="com.omnytex.FreemarkerData" />
    <create creator="new" javascript="Freemarker">
      <param name="class" value="com.omnytex.Freemarker" />
    </create>
  </allow>
  <signatures>
    <![CDATA[
    import java.util.Map;
    import com.omnytex.FreemarkerData;
    FreemarkerData.setMapData(final Map<String, Map> inMapData);
    ]]>
  </signatures>
</dwr>
