<?xml version="1.0" encoding="UTF-8"?>
<feature
      id="com.quantum.help.feature"
      label="com.quantum.help.feature"
      version="3.3.0"
      provider-name="Quantum DB Developers">

   <description url="http://quantum.sourceforge.net">
      Quantum DB Help
   </description>

   <copyright>
      Copyright (c) 2000-2005 Quantum DB developers.
All rights reserved.   This program and the accompanying materials
are made available under the terms of the Common Public License
v1.0
which accompanies this distribution, and is available at
http://www.eclipse.org/legal/cpl-v10.html
   </copyright>

   <license url="http://www.eclipse.org/legal/cpl-v10.html">
      Common Public License - v 1.0
See http://www.eclipse.org/legal/cpl-v10.html for more details.
   </license>

   <requires>
      <import plugin="org.eclipse.help"/>
   </requires>

   <plugin
         id="com.quantum.help"
         download-size="3300"
         install-size="3300"
         version="3.3.0"/>

</feature>
